Rank,Player,TACKLE,ASSIST,SACK,PD,INT,FF,FR,DEF TD,G,FPTS,FPTS/G,ROST,Team,Week,Year
1,Jeremy Chinn,7,6,0.0,0,0,1,2,2,1,39.0,39.0,7.0%,WAS,12,2020
2,Troy Hill,6,1,0.0,0,0,1,1,1,1,23.8,23.8,2.4%,CAR,12,2020
3,Vonn Bell,7,3,0.0,0,0,1,1,0,1,23.3,23.3,5.4%,CIN,12,2020
4,Marlon Humphrey,6,1,0.0,2,0,2,0,0,1,20.8,20.8,5.0%,BAL,12,2020
5,Jamal Adams,8,1,1.0,0,0,0,0,0,1,19.3,19.3,3.5%,FA,12,2020
6,Buster Skrine,10,3,0.0,1,0,0,0,0,1,18.8,18.8,0.0%,FA,12,2020
7,Richard Sherman,6,1,0.0,1,1,0,0,0,1,18.8,18.8,0.1%,FA,12,2020
8,Joe Haden,2,0,0.0,1,1,0,0,1,1,18.0,18.0,1.0%,FA,12,2020
9,Justin Reid,5,3,1.0,1,0,0,0,0,1,17.8,17.8,33.2%,KC,12,2020
10,Tre'Davious White,4,4,0.0,2,1,0,0,0,1,17.0,17.0,5.3%,LAR,12,2020
11,Jeff Heath,9,1,0.0,0,0,0,0,0,1,16.8,16.8,1.0%,FA,12,2020
12,Jimmie Ward,4,1,0.0,1,0,2,0,0,1,16.3,16.3,9.3%,HOU,12,2020
13,Chuck Clark,5,8,0.0,0,0,0,0,0,1,16.0,16.0,5.6%,NYJ,12,2020
14,Rayshawn Jenkins,7,3,0.0,0,0,0,0,0,1,15.3,15.3,25.1%,SEA,12,2020
15,Johnathan Abram,5,1,0.0,1,1,0,0,0,1,14.8,14.8,2.1%,NO,12,2020
16,Logan Ryan,2,3,0.0,1,0,1,1,0,1,14.8,14.8,1.3%,FA,12,2020
17,Jalen Mills,5,2,0.0,0,0,0,0,0,1,14.0,14.0,0.6%,NYG,12,2020
18,Adrian Phillips,5,0,0.0,1,1,0,0,0,1,14.0,14.0,0.6%,FA,12,2020
19,Darnell Savage Jr.,0,1,0.0,2,2,0,0,0,1,13.8,13.8,5.0%,JAC,12,2020
20,Xavier Woods,6,4,0.0,1,0,0,0,0,1,13.5,13.5,11.4%,CAR,12,2020
21,Tyrann Mathieu,4,1,0.0,1,1,0,0,0,1,13.3,13.3,9.9%,NO,12,2020
22,Xavien Howard,2,1,0.0,3,1,0,0,0,1,13.3,13.3,1.3%,FA,12,2020
23,Darius Slay Jr.,8,1,0.0,0,0,0,0,0,1,12.8,12.8,10.0%,PHI,12,2020
24,John Johnson III,6,1,0.0,2,0,0,0,0,1,12.8,12.8,0.0%,FA,12,2020
25,Nik Needham,3,2,0.0,1,1,0,0,0,1,12.5,12.5,0.2%,MIA,12,2020
26,Jabrill Peppers,3,3,0.0,2,0,0,0,0,1,12.3,12.3,10.3%,NE,12,2020
27,Jordan Poyer,7,2,0.0,0,0,0,0,0,1,12.0,12.0,26.5%,MIA,12,2020
28,Marcus Peters,6,0,0.0,2,0,0,0,0,1,12.0,12.0,1.2%,FA,12,2020
29,Kenny Vaccaro,7,2,0.0,0,0,0,0,0,1,12.0,12.0,4.0%,FA,12,2020
30,Keanu Neal,3,1,0.0,0,0,0,1,0,1,11.8,11.8,0.4%,FA,12,2020
31,Terrance Mitchell,6,0,0.0,0,0,0,0,0,1,11.5,11.5,0.0%,FA,12,2020
32,Donovan Wilson,7,1,0.0,0,0,0,0,0,1,11.3,11.3,20.5%,DAL,12,2020
33,Quandre Diggs,3,0,0.0,1,1,0,0,0,1,11.0,11.0,2.9%,FA,12,2020
34,Dre Kirkpatrick,3,0,0.0,1,1,0,0,0,1,11.0,11.0,0.0%,FA,12,2020
35,Michael Davis,2,2,0.0,1,1,0,0,0,1,11.0,11.0,1.0%,WAS,12,2020
36,Jessie Bates III,7,0,0.0,0,0,0,0,0,1,10.5,10.5,68.8%,ATL,12,2020
37,Carlton Davis III,5,0,0.0,2,0,0,0,0,1,10.5,10.5,4.3%,DET,12,2020
38,Kevin Byard III,7,0,0.0,0,0,0,0,0,1,10.5,10.5,29.0%,CHI,12,2020
39,Chidobe Awuzie,6,0,0.0,1,0,0,0,0,1,10.5,10.5,2.2%,TEN,12,2020
40,Brandon Jones,2,1,1.0,0,0,0,0,0,1,10.3,10.3,20.5%,DEN,12,2020
41,Jordan Fuller,1,3,0.0,1,1,0,0,0,1,10.3,10.3,9.7%,CAR,12,2020
42,Jeff Gladney,4,2,0.0,0,0,0,0,0,1,10.0,10.0,0.0%,FA,12,2020
43,Kyle Fuller,5,3,0.0,0,0,0,0,0,1,9.8,9.8,0.0%,FA,12,2020
44,Adrian Amos,6,1,0.0,0,0,0,0,0,1,9.8,9.8,0.2%,FA,12,2020
45,Taron Johnson,3,3,0.0,2,0,0,0,0,1,9.8,9.8,31.2%,BUF,12,2020
46,Anthony Harris,2,9,0.0,0,0,0,0,0,1,9.8,9.8,0.0%,FA,12,2020
47,Kamren Curl,5,3,0.0,0,0,0,0,0,1,9.8,9.8,30.6%,LAR,12,2020
48,Rasul Douglas,6,1,0.0,0,0,0,0,0,1,9.8,9.8,8.7%,BUF,12,2020
49,Kevin King,3,1,0.0,3,0,0,0,0,1,9.8,9.8,0.0%,ATL,12,2020
50,Bryce Hall,5,1,0.0,1,0,0,0,0,1,9.8,9.8,0.8%,TB,12,2020
51,Bashaud Breeland,1,0,0.0,2,1,0,0,0,1,9.5,9.5,1.0%,FA,12,2020
52,Breon Borders,2,0,0.0,1,1,0,0,0,1,9.5,9.5,0.0%,FA,12,2020
53,Corn Elder,4,1,0.0,0,0,0,0,0,1,9.3,9.3,0.0%,FA,12,2020
54,Malcolm Jenkins,4,1,0.0,0,0,0,0,0,1,9.3,9.3,15.0%,FA,12,2020
55,A.J. Terrell,3,1,0.0,1,0,0,0,0,1,9.3,9.3,4.2%,ATL,12,2020
56,Marcus Maye,4,0,0.0,2,0,0,0,0,1,9.0,9.0,2.1%,MIA,12,2020
57,Raven Greene,3,4,0.0,1,0,0,0,0,1,9.0,9.0,0.0%,FA,12,2020
58,Antoine Winfield Jr.,5,2,0.0,0,0,0,0,0,1,9.0,9.0,70.3%,TB,12,2020
59,DeShon Elliott,5,2,0.0,0,0,0,0,0,1,9.0,9.0,7.8%,PIT,12,2020
60,C.J. Gardner-Johnson,0,1,0.0,2,1,0,0,0,1,8.8,8.8,16.2%,PHI,12,2020
61,Essang Bassey,1,1,0.0,1,1,0,0,0,1,8.8,8.8,0.0%,FA,12,2020
62,Nasir Adderley,2,2,0.0,0,0,0,1,0,1,8.5,8.5,0.7%,FA,12,2020
63,Harrison Smith,2,4,0.0,0,0,0,0,0,1,8.5,8.5,18.5%,MIN,12,2020
64,Cameron Dantzler Sr.,2,2,0.0,1,0,0,0,0,1,8.5,8.5,0.0%,FA,12,2020
65,Stephon Gilmore,4,0,0.0,0,0,0,0,0,1,8.5,8.5,1.2%,FA,12,2020
66,Andrew Wingard,1,2,0.0,1,0,0,1,0,1,8.5,8.5,1.6%,JAC,12,2020
67,Vernon Hargreaves III,5,1,0.0,0,0,0,0,0,1,8.3,8.3,0.0%,FA,12,2020
68,Jarrod Wilson,4,3,0.0,0,0,0,0,0,1,8.3,8.3,0.0%,FA,12,2020
69,Jaire Alexander,5,1,0.0,0,0,0,0,0,1,8.3,8.3,8.6%,GB,12,2020
70,Daniel Sorensen,4,3,0.0,0,0,0,0,0,1,8.3,8.3,0.0%,FA,12,2020
71,Arthur Maulet,4,1,0.0,1,0,0,0,0,1,8.3,8.3,0.8%,BAL,12,2020
72,Khari Willis,4,1,0.0,1,0,0,0,0,1,8.3,8.3,0.1%,FA,12,2020
73,Jeremy Reaves,1,0,1.0,0,0,0,0,0,1,8.0,8.0,0.2%,WAS,12,2020
74,Jaylon Johnson,1,3,0.0,1,0,0,0,0,1,7.8,7.8,4.7%,CHI,12,2020
75,Mackensie Alexander,2,0,0.0,3,0,0,0,0,1,7.5,7.5,0.0%,FA,12,2020
76,Minkah Fitzpatrick,3,0,0.0,2,0,0,0,0,1,7.5,7.5,36.6%,PIT,12,2020
77,Micah Hyde,4,0,0.0,1,0,0,0,0,1,7.5,7.5,1.3%,FA,12,2020
78,Lamar Jackson,5,0,0.0,0,0,0,0,0,1,7.5,7.5,0.4%,CAR,12,2020
79,Sean Murphy-Bunting,5,0,0.0,0,0,0,0,0,1,7.5,7.5,10.5%,ARI,12,2020
80,Lonnie Johnson Jr.,4,2,0.0,0,0,0,0,0,1,7.5,7.5,0.2%,HOU,12,2020
81,Darqueze Dennard,4,0,0.0,1,0,0,0,0,1,7.5,7.5,0.0%,FA,12,2020
82,Levi Wallace,3,4,0.0,0,0,0,0,0,1,7.5,7.5,2.2%,DEN,12,2020
83,Javelin Guidry,2,0,0.0,0,0,1,0,0,1,7.0,7.0,1.0%,NYJ,12,2020
84,Luq Barcoo,2,2,0.0,0,0,0,0,0,1,7.0,7.0,0.0%,FA,12,2020
85,Patrick Peterson,4,1,0.0,0,0,0,0,0,1,6.8,6.8,0.8%,FA,12,2020
86,Eddie Jackson,3,1,0.0,1,0,0,0,0,1,6.8,6.8,3.5%,FA,12,2020
87,Karl Joseph,4,1,0.0,0,0,0,0,0,1,6.8,6.8,0.0%,FA,12,2020
88,Jimmy Moreland,4,1,0.0,0,0,0,0,0,1,6.8,6.8,0.0%,FA,12,2020
89,Jason Verrett,4,1,0.0,0,0,0,0,0,1,6.8,6.8,0.0%,SF,12,2020
90,Shaq Griffin,3,1,0.0,1,0,0,0,0,1,6.8,6.8,1.2%,MIN,12,2020
91,Janoris Jenkins,0,0,0.0,1,1,0,0,0,1,6.5,6.5,1.0%,FA,12,2020
92,Malcolm Butler,4,0,0.0,0,0,0,0,0,1,6.0,6.0,0.0%,FA,12,2020
93,Trayvon Mullen Jr.,1,2,0.0,2,0,0,0,0,1,6.0,6.0,0.0%,BAL,12,2020
94,Josiah Scott,4,0,0.0,0,0,0,0,0,1,6.0,6.0,1.0%,PIT,12,2020
95,Michael Ojemudia,3,0,0.0,1,0,0,0,0,1,6.0,6.0,0.0%,ARI,12,2020
96,Tre Flowers,4,0,0.0,0,0,0,0,0,1,6.0,6.0,0.0%,JAC,12,2020
97,Rashard Robinson,3,2,0.0,0,0,0,0,0,1,6.0,6.0,0.0%,FA,12,2020
98,Isaac Yiadom,4,0,0.0,0,0,0,0,0,1,6.0,6.0,0.0%,SF,12,2020
99,LeShaun Sims,4,0,0.0,0,0,0,0,0,1,6.0,6.0,0.0%,FA,12,2020
100,Ronald Darby,2,0,0.0,2,0,0,0,0,1,6.0,6.0,2.2%,JAC,12,2020
101,Tre Boston,3,2,0.0,0,0,0,0,0,1,6.0,6.0,1.0%,FA,12,2020
102,Bradley Roby,0,0,0.0,1,0,0,1,0,1,5.5,5.5,0.0%,FA,12,2020
103,J.C. Jackson,2,0,0.0,0,0,0,0,0,1,5.5,5.5,1.4%,FA,12,2020
104,Tramon Williams Sr.,3,1,0.0,0,0,0,0,0,1,5.3,5.3,0.0%,FA,12,2020
105,Kyle Dugger,3,1,0.0,0,0,0,0,0,1,5.3,5.3,23.2%,NE,12,2020
106,Brandon Rusnak,3,1,0.0,0,0,0,0,0,1,5.3,5.3,0.0%,FA,12,2020
107,Emmanuel Moseley,3,1,0.0,0,0,0,0,0,1,5.3,5.3,1.2%,DET,12,2020
108,Darnay Holmes,2,1,0.0,1,0,0,0,0,1,5.3,5.3,0.2%,NYG,12,2020
109,Tashaun Gipson Sr.,3,1,0.0,0,0,0,0,0,1,5.3,5.3,0.2%,FA,12,2020
110,Nick Scott,2,3,0.0,0,0,0,0,0,1,5.3,5.3,1.8%,CAR,12,2020
111,Rodney McLeod Jr.,3,1,0.0,0,0,0,0,0,1,5.3,5.3,0.4%,CLE,12,2020
112,Terrell Edmunds,3,1,0.0,0,0,0,0,0,1,5.3,5.3,1.1%,JAC,12,2020
113,Ross Cockrell,3,1,0.0,0,0,0,0,0,1,5.3,5.3,0.0%,FA,12,2020
114,Nickell Robey-Coleman,3,0,0.0,0,0,0,0,0,1,4.5,4.5,0.0%,FA,12,2020
115,Darious Williams,2,0,0.0,1,0,0,0,0,1,4.5,4.5,10.5%,LAR,12,2020
116,Duron Harmon,3,0,0.0,0,0,0,0,0,1,4.5,4.5,0.0%,FA,12,2020
117,Will Redmond,3,0,0.0,0,0,0,0,0,1,4.5,4.5,0.0%,FA,12,2020
118,Troy Apke,3,0,0.0,0,0,0,0,0,1,4.5,4.5,0.0%,FA,12,2020
119,Tre Herndon,2,2,0.0,0,0,0,0,0,1,4.5,4.5,0.0%,NYG,12,2020
120,Budda Baker,2,2,0.0,0,0,0,0,0,1,4.5,4.5,36.4%,ARI,12,2020
121,Eric Rowe,3,0,0.0,0,0,0,0,0,1,4.5,4.5,0.2%,FA,12,2020
122,Nevin Lawson,3,0,0.0,0,0,0,0,0,1,4.5,4.5,0.0%,FA,12,2020
123,Jason McCourty,3,0,0.0,0,0,0,0,0,1,4.5,4.5,0.0%,FA,12,2020
124,Chris Harris Jr.,3,0,0.0,0,0,0,0,0,1,4.5,4.5,0.0%,FA,12,2020
125,Jayron Kearse,2,2,0.0,0,0,0,0,0,1,4.5,4.5,1.3%,FA,12,2020
126,A.J. Bouye,2,0,0.0,1,0,0,0,0,1,4.5,4.5,0.0%,FA,12,2020
127,Justin Coleman,3,0,0.0,0,0,0,0,0,1,4.5,4.5,0.0%,FA,12,2020
128,Kevin Johnson,3,0,0.0,0,0,0,0,0,1,4.5,4.5,0.0%,FA,12,2020
129,Tavierre Thomas,3,0,0.0,0,0,0,0,0,1,4.5,4.5,1.8%,TB,12,2020
130,Jonathan Jones,3,0,0.0,0,0,0,0,0,1,4.5,4.5,2.0%,NE,12,2020
131,Kris Boyd,3,0,0.0,0,0,0,0,0,1,4.5,4.5,0.0%,HOU,12,2020
132,Kenny Moore II,3,0,0.0,0,0,0,0,0,1,4.5,4.5,29.4%,IND,12,2020
133,Juan Thornhill,3,0,0.0,0,0,0,0,0,1,4.5,4.5,3.9%,CLE,12,2020
134,Kareem Jackson,3,0,0.0,0,0,0,0,0,1,4.5,4.5,0.7%,FA,12,2020
135,Steven Nelson,1,0,0.0,0,0,0,0,0,1,4.0,4.0,0.0%,FA,12,2020
136,Anthony Levine Sr.,0,0,0.0,0,0,0,1,0,1,4.0,4.0,7.0%,FA,12,2020
137,Patrick Robinson,1,0,0.0,0,0,0,0,0,1,4.0,4.0,0.0%,FA,12,2020
138,Myles Bryant,2,1,0.0,0,0,0,0,0,1,3.8,3.8,2.5%,HOU,12,2020
139,Ashtyn Davis,2,1,0.0,0,0,0,0,0,1,3.8,3.8,3.4%,NYJ,12,2020
140,Rock Ya-Sin,2,1,0.0,0,0,0,0,0,1,3.8,3.8,0.6%,SF,12,2020
141,Justin Simmons,2,1,0.0,0,0,0,0,0,1,3.8,3.8,11.3%,FA,12,2020
142,Desmond King II,2,1,0.0,0,0,0,0,0,1,3.8,3.8,12.8%,HOU,12,2020
143,Charvarius Ward,1,3,0.0,0,0,0,0,0,1,3.8,3.8,30.5%,SF,12,2020
144,Juston Burris,2,1,0.0,0,0,0,0,0,1,3.8,3.8,0.0%,FA,12,2020
145,Ricardo Allen,1,1,0.0,1,0,0,0,0,1,3.8,3.8,0.0%,FA,12,2020
146,L'Jarius Sneed,2,1,0.0,0,0,0,0,0,1,3.8,3.8,48.3%,TEN,12,2020
147,Jamar Taylor,2,1,0.0,0,0,0,0,0,1,3.8,3.8,0.0%,FA,12,2020
148,Devin McCourty,2,1,0.0,0,0,0,0,0,1,3.8,3.8,4.4%,FA,12,2020
149,Kendall Sheffield,2,1,0.0,0,0,0,0,0,1,3.8,3.8,0.0%,FA,12,2020
150,Kendall Fuller,2,0,0.0,0,0,0,0,0,1,3.0,3.0,7.2%,MIA,12,2020
151,Will Harris,2,0,0.0,0,0,0,0,0,1,3.0,3.0,0.0%,NO,12,2020
152,Keion Crossen,1,2,0.0,0,0,0,0,0,1,3.0,3.0,0.2%,FA,12,2020
153,Eric Murray,1,2,0.0,0,0,0,0,0,1,3.0,3.0,0.2%,HOU,12,2020
154,Byron Jones,2,0,0.0,0,0,0,0,0,1,3.0,3.0,0.0%,FA,12,2020
155,Johnathan Joseph,1,0,0.0,1,0,0,0,0,1,3.0,3.0,0.0%,FA,12,2020
156,Brandon Wilson,2,0,0.0,0,0,0,0,0,1,3.0,3.0,0.0%,FA,12,2020
157,Isaiah Oliver,1,2,0.0,0,0,0,0,0,1,3.0,3.0,0.4%,NYJ,12,2020
158,T.J. Carrie,2,0,0.0,0,0,0,0,0,1,3.0,3.0,1.0%,FA,12,2020
159,Marcell Harris,2,0,0.0,0,0,0,0,0,1,3.0,3.0,0.0%,FA,12,2020
160,Chris Board,2,0,0.0,0,0,0,0,0,1,3.0,3.0,1.5%,BAL,12,2020
161,Marshon Lattimore,1,0,0.0,1,0,0,0,0,1,3.0,3.0,6.0%,NO,12,2020
162,Julian Love,2,0,0.0,0,0,0,0,0,1,3.0,3.0,33.6%,SEA,12,2020
163,Jourdan Lewis,1,2,0.0,0,0,0,0,0,1,3.0,3.0,1.8%,DAL,12,2020
164,Desmond Trufant,1,0,0.0,1,0,0,0,0,1,3.0,3.0,0.0%,FA,12,2020
165,Tarvarius Moore,1,2,0.0,0,0,0,0,0,1,3.0,3.0,0.2%,CHI,12,2020
166,Jimmy Smith,2,0,0.0,0,0,0,0,0,1,3.0,3.0,0.0%,FA,12,2020
167,D.J. Swearinger Sr.,2,0,0.0,0,0,0,0,0,1,3.0,3.0,0.0%,FA,12,2020
168,Bryce Callahan,2,0,0.0,0,0,0,0,0,1,3.0,3.0,0.0%,FA,12,2020
169,Davontae Harris,1,0,0.0,1,0,0,0,0,1,3.0,3.0,0.0%,FA,12,2020
170,James Bradberry IV,1,0,0.0,1,0,0,0,0,1,3.0,3.0,2.0%,PHI,12,2020
171,Troy Pride Jr.,1,0,0.0,1,0,0,0,0,1,3.0,3.0,0.0%,HOU,12,2020
172,Mike Hilton,2,0,0.0,0,0,0,0,0,1,3.0,3.0,11.1%,CIN,12,2020
173,Jaylinn Hawkins,0,1,0.5,0,0,0,0,0,1,2.8,2.8,11.0%,NE,12,2020
174,Julian Blackmon,1,1,0.0,0,0,0,0,0,1,2.3,2.3,14.2%,IND,12,2020
175,Amani Oruwariye,1,1,0.0,0,0,0,0,0,1,2.3,2.3,0.2%,JAC,12,2020
176,Andrew Sendejo,0,1,0.0,1,0,0,0,0,1,2.3,2.3,0.0%,FA,12,2020
177,Stantley Thomas-Oliver III,1,1,0.0,0,0,0,0,0,1,2.3,2.3,1.0%,NYG,12,2020
178,Chandon Sullivan,1,0,0.0,0,0,0,0,0,1,1.5,1.5,0.0%,FA,12,2020
179,Chris Banjo,1,0,0.0,0,0,0,0,0,1,1.5,1.5,0.0%,FA,12,2020
180,Tracy Walker III,1,0,0.0,0,0,0,0,0,1,1.5,1.5,1.7%,FA,12,2020
181,Isaiah Johnson,0,0,0.0,1,0,0,0,0,1,1.5,1.5,0.0%,FA,12,2020
182,Marcus Allen,1,0,0.0,0,0,0,0,0,1,1.5,1.5,0.0%,FA,12,2020
183,Cameron Sutton,1,0,0.0,0,0,0,0,0,1,1.5,1.5,0.2%,PIT,12,2020
184,Marcus Williams,1,0,0.0,0,0,0,0,0,1,1.5,1.5,7.4%,BAL,12,2020
185,Keisean Nixon,1,0,0.0,0,0,0,0,0,1,1.5,1.5,22.4%,GB,12,2020
186,Jordan Whitehead,1,0,0.0,0,0,0,0,0,1,1.5,1.5,16.5%,TB,12,2020
187,Will Parks,1,0,0.0,0,0,0,0,0,1,1.5,1.5,0.0%,FA,12,2020
188,Xavier Rhodes,1,0,0.0,0,0,0,0,0,1,1.5,1.5,0.0%,FA,12,2020
189,Tavon Wilson,1,0,0.0,0,0,0,0,0,1,1.5,1.5,0.0%,FA,12,2020
190,Marcus Epps,1,0,0.0,0,0,0,0,0,1,1.5,1.5,3.7%,LV,12,2020
191,Byron Murphy Jr.,1,0,0.0,0,0,0,0,0,1,1.5,1.5,7.0%,MIN,12,2020
192,Amani Hooker,0,0,0.0,1,0,0,0,0,1,1.5,1.5,14.4%,TEN,12,2020
193,Sharrod Neasman,1,0,0.0,0,0,0,0,0,1,1.5,1.5,0.0%,FA,12,2020
194,Jalen Ramsey,0,2,0.0,0,0,0,0,0,1,1.5,1.5,18.5%,MIA,12,2020
195,Damon Arnette,1,0,0.0,0,0,0,0,0,1,1.5,1.5,0.0%,FA,12,2020
196,Ronnie Harrison Jr.,1,0,0.0,0,0,0,0,0,1,1.5,1.5,0.6%,IND,12,2020
197,Ugo Amadi,0,1,0.0,0,0,0,0,0,1,0.8,0.8,0.2%,NO,12,2020
198,Cole Luke,0,1,0.0,0,0,0,0,0,1,0.8,0.8,0.0%,FA,12,2020
199,A.J. Moore Jr.,0,1,0.0,0,0,0,0,0,1,0.8,0.8,0.0%,FA,12,2020
200,William Jackson III,0,1,0.0,0,0,0,0,0,1,0.8,0.8,0.0%,FA,12,2020
201,Chris Jones,0,1,0.0,0,0,0,0,0,1,0.8,0.8,0.0%,FA,12,2020
202,Sean Davis,0,1,0.0,0,0,0,0,0,1,0.8,0.8,0.0%,FA,12,2020
203,James Pierre,0,0,0.0,0,0,0,0,0,1,0.0,0.0,0.0%,WAS,12,2020
204,JuJu Hughes,0,0,0.0,0,0,0,0,0,1,0.0,0.0,0.0%,FA,12,2020
205,Kenny Robinson Jr.,0,0,0.0,0,0,0,0,0,1,0.0,0.0,0.0%,FA,12,2020
206,Vernon Scott,0,0,0.0,0,0,0,0,0,1,0.0,0.0,0.0%,FA,12,2020
207,Noah Igbinoghene,0,0,0.0,0,0,0,0,0,1,0.0,0.0,0.0%,WAS,12,2020
208,Harrison Hand,0,0,0.0,0,0,0,0,0,1,0.0,0.0,0.0%,ATL,12,2020
209,John Reid,0,0,0.0,0,0,0,0,0,1,0.0,0.0,0.0%,FA,12,2020
210,Josh Metellus,0,0,0.0,0,0,0,0,0,1,0.0,0.0,41.4%,MIN,12,2020
211,Kindle Vildor,0,0,0.0,0,0,0,0,0,1,0.0,0.0,0.0%,DET,12,2020
212,Madre Harper,0,0,0.0,0,0,0,0,0,1,0.0,0.0,0.0%,FA,12,2020
213,Myles Hartsfield,0,0,0.0,0,0,0,1,0,1,0.0,0.0,0.0%,FA,12,2020
214,Jovante Moffatt,0,0,0.0,0,0,0,0,0,1,0.0,0.0,0.0%,FA,12,2020
215,Josh Nurse,0,0,0.0,0,0,0,0,0,1,0.0,0.0,0.0%,FA,12,2020
216,Michael Jacquet III,0,0,0.0,0,0,0,0,0,1,0.0,0.0,0.0%,FA,12,2020
217,Herb Miller,0,0,0.0,0,0,0,0,0,1,0.0,0.0,0.0%,FA,12,2020
218,Jayson Stanley,0,0,0.0,0,0,0,0,0,1,0.0,0.0,0.0%,FA,12,2020
219,J.R. Reed,0,0,0.0,0,0,0,0,0,1,0.0,0.0,0.0%,FA,12,2020
220,K'Von Wallace,0,0,0.0,0,0,0,0,0,1,0.0,0.0,2.1%,SEA,12,2020
221,Alohi Gilman,0,0,0.0,0,0,0,0,0,1,0.0,0.0,10.4%,LAC,12,2020
222,Xavier McKinney,0,0,0.0,0,0,0,0,0,1,0.0,0.0,35.6%,GB,12,2020
223,C.J. Moore,0,0,0.0,0,0,0,0,0,1,0.0,0.0,5.1%,DET,12,2020
224,Isaiah Simmons,3,1,1.0,0,0,0,0,0,1,0.0,0.0,6.1%,NYG,12,2020
225,Mike Edwards,0,0,0.0,0,0,0,0,0,1,0.0,0.0,4.1%,BUF,12,2020
226,Nate Ebner,0,0,0.0,0,0,0,0,0,1,0.0,0.0,0.0%,FA,12,2020
227,Justin Bethel,0,0,0.0,0,0,0,0,0,1,0.0,0.0,0.0%,FA,12,2020
228,Jahleel Addae,0,0,0.0,0,0,0,0,0,1,0.0,0.0,0.0%,FA,12,2020
229,Shawn Williams,0,0,0.0,0,0,0,0,0,1,0.0,0.0,10.0%,FA,12,2020
230,Blidi Wreh-Wilson,0,0,0.0,0,0,0,0,0,1,0.0,0.0,0.0%,FA,12,2020
231,Josh Norman,0,0,0.0,0,0,0,0,0,1,0.0,0.0,3.0%,FA,12,2020
232,Terrence Brooks,0,0,0.0,0,0,0,0,0,1,0.0,0.0,0.0%,FA,12,2020
233,Jordan Dangerfield,0,0,0.0,0,0,0,0,0,1,0.0,0.0,0.0%,FA,12,2020
234,Cody Davis,0,0,0.0,0,0,0,0,0,1,0.0,0.0,0.0%,FA,12,2020
235,Dontae Johnson,0,0,0.0,0,0,0,0,0,1,0.0,0.0,0.0%,FA,12,2020
236,Phillip Gaines,0,0,0.0,0,0,0,0,0,1,0.0,0.0,0.0%,FA,12,2020
237,Bennett Jackson Jr.,0,0,0.0,0,0,0,0,0,1,0.0,0.0,0.0%,FA,12,2020
238,Brandon Williams,0,0,0.0,0,0,0,0,0,1,0.0,0.0,0.0%,FA,12,2020
239,Greg Mabin,0,0,0.0,0,0,0,0,0,1,0.0,0.0,0.0%,FA,12,2020
240,Deante Burton,0,0,0.0,0,0,0,0,0,1,0.0,0.0,0.0%,FA,12,2020
241,Siran Neal,0,0,0.0,0,0,0,0,0,1,0.0,0.0,0.0%,MIA,12,2020
242,Cornell Armstrong,0,0,0.0,0,0,0,0,0,1,0.0,0.0,0.0%,LV,12,2020
243,Tremon Smith,0,0,0.0,0,0,0,0,0,1,0.0,0.0,4.9%,DEN,12,2020
244,Avonte Maddox,0,0,0.0,0,0,0,0,0,1,0.0,0.0,2.0%,PHI,12,2020
245,Natrell Jamerson,0,0,0.0,0,0,0,0,0,1,0.0,0.0,0.0%,FA,12,2020
246,M.J. Stewart Jr.,0,0,0.0,0,0,0,0,0,1,0.0,0.0,4.0%,HOU,12,2020
247,D.J. Reed Jr.,0,0,0.0,0,0,0,0,0,1,0.0,0.0,10.3%,NYJ,12,2020
248,Steven Parker,0,0,0.0,0,0,0,0,0,1,0.0,0.0,0.0%,FA,12,2020
249,Duke Dawson Jr.,0,0,0.0,0,0,0,0,0,1,0.0,0.0,0.0%,FA,12,2020
250,Armani Watts,0,0,0.0,0,0,0,0,0,1,0.0,0.0,0.0%,FA,12,2020
251,Brandon Facyson,0,0,0.0,0,0,0,0,0,1,0.0,0.0,0.6%,LV,12,2020
252,Tony Brown II,0,0,0.0,0,0,0,0,0,1,0.0,0.0,0.0%,CLE,12,2020
253,Jalen Davis,0,0,0.0,0,0,0,0,0,1,0.0,0.0,0.6%,CIN,12,2020
254,Elijah Lee,0,0,0.0,0,0,0,0,0,1,0.0,0.0,0.0%,FA,12,2020
255,Fabian Moreau,0,0,0.0,0,0,0,0,0,1,0.0,0.0,0.0%,FA,12,2020
256,Jamal Perry,0,0,0.0,0,0,0,0,0,1,0.0,0.0,0.0%,FA,12,2020
257,Dee Virgin,0,0,0.0,0,0,0,0,0,1,0.0,0.0,0.1%,FA,12,2020
258,Ken Webster,0,0,0.0,0,0,0,0,0,1,0.0,0.0,0.0%,FA,12,2020
259,Alijah Holder,0,0,0.0,0,0,0,0,0,1,0.0,0.0,0.0%,FA,12,2020
260,Jaquan Johnson,0,0,0.0,0,0,0,0,0,1,0.0,0.0,0.0%,FA,12,2020
261,Jace Whittaker,0,0,0.0,0,0,0,0,0,1,0.0,0.0,0.0%,FA,12,2020
262,Ka'dar Hollman,0,0,0.0,0,0,0,0,0,1,0.0,0.0,0.0%,BAL,12,2020
263,P.J. Locke,0,0,0.0,0,0,0,0,0,1,0.0,0.0,6.0%,DEN,12,2020
264,Justin Layne,0,0,0.0,0,0,0,0,0,1,0.0,0.0,0.0%,FA,12,2020
265,Corey Ballentine,0,0,0.0,0,0,0,0,0,1,0.0,0.0,0.6%,GB,12,2020
266,David Long Jr.,0,0,0.0,0,0,0,0,0,1,0.0,0.0,0.0%,NYG,12,2020
267,Duke Shelley,0,1,0.0,0,0,0,0,0,1,0.0,0.0,0.0%,FA,12,2020
268,Joejuan Williams,0,0,0.0,0,0,0,0,0,1,0.0,0.0,1.0%,FA,12,2020
269,Tevaughn Campbell,3,0,0.0,0,0,0,0,0,1,0.0,0.0,2.0%,JAC,12,2020
270,Rashad Fenton,5,1,0.0,0,0,0,0,0,1,0.0,0.0,0.0%,FA,12,2020
271,Ezekiel Turner,0,0,0.0,0,0,0,0,0,1,0.0,0.0,0.2%,SF,12,2020
272,Robert Jackson,0,0,0.0,0,0,0,0,0,1,0.0,0.0,0.0%,FA,12,2020
273,George Odum,0,0,0.0,0,0,0,0,0,1,0.0,0.0,0.6%,SF,12,2020
274,Dallin Leavitt,0,0,0.0,0,0,0,0,0,1,0.0,0.0,4.0%,FA,12,2020
275,Joshua Kalu,0,0,0.0,0,0,0,0,0,1,0.0,0.0,0.0%,FA,12,2020
276,Ryan Neal,0,0,0.0,0,0,0,0,0,1,0.0,0.0,2.0%,FA,12,2020
277,Danny Johnson,0,0,0.0,0,0,0,0,0,1,0.0,0.0,0.0%,FA,12,2020
278,J.T. Gray,0,0,0.0,0,0,0,0,0,1,0.0,0.0,0.4%,NO,12,2020
279,Dean Marlowe,0,0,0.0,0,0,0,0,0,1,0.0,0.0,0.2%,FA,12,2020
280,Tye Smith,0,0,0.0,0,0,0,0,0,1,0.0,0.0,0.0%,FA,12,2020
281,De'Vante Bausby,0,0,0.0,0,0,0,0,0,1,0.0,0.0,0.0%,FA,12,2020
282,Bobby McCain,0,0,0.0,0,0,0,0,0,1,0.0,0.0,0.0%,FA,12,2020
283,P.J. Williams,0,0,0.0,0,0,0,0,0,1,0.0,0.0,0.0%,FA,12,2020
284,Damarious Randall,0,0,0.0,0,0,0,0,0,1,0.0,0.0,0.0%,FA,12,2020
285,C.J. Goodwin,0,0,0.0,0,0,0,0,0,1,0.0,0.0,0.4%,DAL,12,2020
286,Antonio Hamilton Sr.,0,0,0.0,0,0,0,0,0,1,0.0,0.0,0.8%,ATL,12,2020
287,Andrew Adams,0,0,0.0,0,0,0,0,0,1,0.0,0.0,4.0%,FA,12,2020
288,Chris Milton,0,0,0.0,0,0,0,0,0,1,0.0,0.0,0.0%,FA,12,2020
289,Doug Middleton,0,0,0.0,0,0,0,0,0,1,0.0,0.0,0.0%,FA,12,2020
290,Adoree' Jackson,0,0,0.0,0,0,0,0,0,1,0.0,0.0,1.2%,FA,12,2020
291,Charles Washington,0,0,0.0,0,0,0,0,0,1,0.0,0.0,0.0%,FA,12,2020
292,Matthias Farley,0,0,0.0,0,0,0,0,0,1,0.0,0.0,4.0%,FA,12,2020
293,Jordan Richards,0,0,0.0,0,0,0,0,0,1,0.0,0.0,0.0%,FA,12,2020
294,Darian Thompson,0,0,0.0,0,0,0,0,0,1,0.0,0.0,3.0%,FA,12,2020
295,Miles Killebrew,0,0,0.0,0,0,0,0,0,1,0.0,0.0,0.2%,PIT,12,2020
296,Erik Harris,0,0,0.0,0,0,0,0,0,1,0.0,0.0,0.4%,SF,12,2020
297,Ryan Smith,0,0,0.0,0,0,0,0,0,1,0.0,0.0,0.0%,FA,12,2020
298,Kavon Frazier,0,0,0.0,0,0,0,0,0,1,0.0,0.0,0.0%,FA,12,2020
299,DeAndre Houston-Carson,0,0,0.0,0,0,0,0,0,1,0.0,0.0,0.0%,FA,12,2020
300,Deon Bush,0,0,0.0,0,0,0,0,0,1,0.0,0.0,0.0%,KC,12,2020
301,Clayton Fejedelem,0,0,0.0,0,0,0,0,0,1,0.0,0.0,0.0%,FA,12,2020
